customer_id,order_date,product_id,category_id,category_name,product_name,quantity,price,payment_method,city,review_score,gender,age,order_month
13542,2024-12-17,784,10,1,16,2,373.36,2,522,1.0,0,56,12
23188,2024-06-01,682,50,4,18,5,299.34,2,668,5.0,1,59,6
55098,2025-02-04,684,50,4,22,5,23.0,2,942,5.0,0,64,2
65208,2024-10-28,204,40,0,19,2,230.11,0,244,5.0,1,34,10
63872,2024-05-10,202,20,2,15,4,176.72,2,281,1.0,0,33,5
29989,2024-12-03,829,10,1,16,4,196.16,0,186,5.0,0,21,12
79809,2024-06-07,706,10,1,21,5,272.75,0,568,5.0,1,57,6
27282,2024-07-15,405,50,4,24,2,292.9,1,5,5.0,0,60,7
41394,2024-12-17,549,30,3,12,3,429.11,2,922,3.0,0,69,12
48695,2024-04-12,545,30,3,1,4,191.39,2,360,5.0,0,34,4
27389,2025-01-31,549,10,1,17,2,321.14,1,193,5.0,1,26,1
74067,2024-06-27,773,40,0,7,3,494.87,1,451,5.0,1,37,6
49331,2024-05-21,526,30,3,12,5,122.23,2,6,5.0,1,32,5
61360,2024-12-03,544,10,1,6,3,457.44,1,478,5.0,1,60,12
24426,2025-02-07,943,40,0,11,2,443.49,1,828,4.0,1,67,2
10486,2024-09-13,297,20,2,14,2,274.1,1,616,4.0,0,54,9
75474,2024-05-22,107,40,0,7,1,117.47,2,418,4.0,1,73,5
79898,2024-03-19,871,10,1,16,5,84.89,2,211,5.0,1,68,3
41736,2024-10-28,457,10,1,21,4,196.99,0,542,4.0,1,72,10
69719,2024-12-24,941,10,1,16,2,344.04,1,591,5.0,0,29,12
93992,2024-12-05,853,30,3,12,1,153.82,2,896,4.0,1,29,12
65011,2025-02-20,938,30,3,2,4,383.36,1,140,5.0,0,42,2
80441,2024-07-26,867,30,3,2,2,308.4,2,627,3.0,1,52,7
95874,2024-12-30,424,50,4,18,3,303.48,0,141,5.0,1,48,12
11145,2024-04-09,461,30,3,1,1,38.38,1,122,5.0,1,34,4
81289,2024-07-18,485,40,0,8,1,489.21,1,562,5.0,1,60,7
36732,2025-01-12,704,40,0,4,3,90.91,1,545,5.0,1,42,1
33678,2024-04-01,732,20,2,14,1,380.08,1,659,1.0,1,29,4
71289,2025-01-11,815,30,3,23,1,450.81,0,168,5.0,1,50,1
86746,2024-03-24,768,30,3,12,3,298.27,2,454,4.0,1,62,3
23094,2025-01-17,658,10,1,6,2,43.03,2,335,5.0,1,56,1
30037,2024-08-05,314,20,2,3,5,337.8,2,393,4.0,0,28,8
61642,2024-11-24,264,50,4,22,1,241.61,0,210,5.0,1,19,11
52189,2024-09-01,653,10,1,21,1,183.61,0,382,4.0,0,49,9
71248,2024-07-01,289,10,1,16,5,207.28,0,579,5.0,1,42,7
14872,2024-03-31,353,20,2,10,2,272.78,2,104,4.0,1,32,3
46992,2024-05-13,824,20,2,20,2,227.13,1,144,5.0,0,30,5
21565,2024-08-13,499,50,4,18,4,484.81,2,440,5.0,0,43,8
26160,2025-03-04,374,20,2,15,2,452.2,2,588,3.0,1,25,3
35007,2024-06-09,355,30,3,23,2,149.77,1,390,5.0,1,65,6
93989,2024-04-25,573,50,4,13,5,85.85,0,954,1.0,1,70,4
37401,2024-08-16,861,50,4,18,1,376.51,2,364,5.0,0,63,8
82700,2024-05-30,410,50,4,0,5,37.87,1,490,5.0,1,55,5
38245,2024-11-11,615,50,4,18,4,340.85,2,206,4.0,1,36,11
76140,2024-06-29,673,50,4,0,2,293.67,2,533,5.0,1,65,6
63313,2024-08-09,182,50,4,22,5,266.16,0,279,1.0,0,59,8
10299,2024-11-27,971,20,2,3,4,203.94,1,848,5.0,0,33,11
32232,2024-09-23,476,10,1,16,1,234.56,1,448,5.0,1,55,9
48690,2024-04-11,161,20,2,14,3,139.95,0,902,5.0,0,18,4
94108,2025-01-20,837,30,3,9,2,87.3,1,45,5.0,0,72,1
54503,2024-04-03,416,50,4,18,2,337.25,1,869,2.0,0,42,4
69170,2024-05-30,660,20,2,3,4,66.56,2,676,5.0,1,62,5
68220,2024-09-15,961,30,3,2,2,113.21,0,260,1.0,0,50,9
53004,2024-09-19,309,30,3,2,5,249.38,2,487,5.0,1,20,9
57158,2024-07-25,294,30,3,12,4,11.74,2,956,5.0,1,59,7
15676,2024-04-22,649,40,0,4,3,355.78,1,705,5.0,1,72,4
34358,2025-01-16,945,20,2,14,1,27.65,0,225,4.0,1,50,1
83983,2024-08-01,395,20,2,20,5,161.05,2,44,5.0,1,55,8
56955,2024-07-14,922,20,2,20,1,183.3,1,949,5.0,1,24,7
73293,2024-04-30,799,50,4,0,1,463.62,2,693,5.0,1,72,4
68416,2024-12-15,311,20,2,15,5,22.15,1,501,5.0,0,44,12
51031,2024-05-25,216,40,0,19,4,140.73,1,386,5.0,0,50,5
49701,2024-04-21,684,40,0,19,1,107.79,0,361,3.0,0,63,4
32080,2024-05-13,354,20,2,10,4,21.6,2,217,3.0,1,18,5
13112,2024-12-15,202,10,1,5,2,182.06,1,804,3.0,1,35,12
27303,2024-05-25,119,50,4,24,1,470.23,2,445,5.0,1,26,5
89064,2024-11-10,533,50,4,24,3,28.75,1,399,4.0,0,74,11
76490,2024-12-17,362,30,3,23,5,307.04,1,741,5.0,0,48,12
45081,2025-02-05,721,20,2,3,4,31.75,0,138,5.0,1,55,2
65624,2024-03-26,732,50,4,0,2,188.47,2,920,5.0,1,63,3
94700,2024-06-15,675,50,4,24,3,335.06,2,248,5.0,1,23,6
73009,2024-03-27,569,30,3,23,4,169.83,1,262,2.0,1,29,3
55865,2024-03-26,915,40,0,11,1,341.89,2,498,5.0,1,64,3
75453,2024-06-22,260,50,4,18,3,158.9,2,833,4.0,0,33,6
47548,2025-01-31,381,30,3,23,2,226.48,1,903,1.0,0,36,1
85352,2024-07-04,755,20,2,20,5,149.06,1,128,5.0,1,38,7
99624,2024-06-29,624,20,2,3,4,120.07,2,924,5.0,1,20,6
53811,2024-09-21,551,40,0,4,5,426.37,2,625,4.0,0,52,9
59944,2025-02-06,293,50,4,0,2,361.99,0,352,4.0,1,51,2
20770,2024-11-01,941,10,1,16,2,391.43,2,473,5.0,1,44,11
95322,2025-03-14,621,50,4,13,2,34.61,2,428,5.0,1,43,3
44293,2024-10-26,212,20,2,15,4,337.11,1,941,4.0,1,72,10
11849,2024-08-14,141,40,0,4,5,409.35,1,821,4.0,1,23,8
79537,2024-10-18,858,40,0,19,5,374.39,0,22,4.0,0,30,10
22604,2025-02-08,351,30,3,2,1,247.45,2,182,2.0,1,47,2
36231,2024-05-18,606,30,3,1,5,143.14,0,678,5.0,1,72,5
64684,2024-11-16,166,20,2,10,1,197.69,2,488,5.0,1,53,11
64326,2024-08-15,348,40,0,7,5,275.88,0,704,5.0,0,63,8
82168,2025-01-23,653,40,0,4,2,473.57,2,928,5.0,0,44,1
63919,2024-04-23,209,40,0,11,3,12.89,0,280,2.0,1,54,4
54901,2024-06-04,491,40,0,4,3,376.28,1,834,5.0,0,23,6
97350,2025-03-06,770,40,0,19,4,143.74,0,918,5.0,1,70,3
45435,2024-07-06,349,40,0,19,3,421.85,2,640,5.0,0,25,7
92572,2024-06-29,634,40,0,4,4,286.55,2,147,5.0,1,60,6
10539,2025-03-17,142,40,0,19,1,34.64,0,24,3.0,0,44,3
94316,2024-06-14,979,30,3,23,1,146.35,0,219,2.0,1,18,6
64578,2024-07-01,650,10,1,17,1,35.52,0,374,1.0,1,54,7
77823,2024-09-27,994,10,1,16,5,475.31,2,820,5.0,0,34,9
67215,2024-12-02,912,20,2,10,1,242.04,2,89,4.0,1,71,12
50937,2024-11-05,101,30,3,9,1,92.22,1,839,5.0,0,46,11
66782,2024-07-04,865,20,2,3,2,62.97,2,237,5.0,0,48,7
72081,2024-07-25,563,40,0,11,3,471.32,2,861,5.0,0,63,7
58706,2025-02-07,613,20,2,20,4,351.62,0,353,5.0,0,65,2
61717,2024-08-31,705,10,1,17,2,393.49,0,126,4.0,0,57,8
48366,2024-10-12,292,10,1,17,3,327.3,2,472,5.0,0,48,10
26652,2024-09-24,952,10,1,21,2,480.79,1,107,5.0,0,48,9
49861,2024-11-24,832,20,2,15,2,96.31,1,54,5.0,1,46,11
70446,2024-05-02,918,50,4,13,5,237.79,1,13,4.0,1,56,5
66861,2025-02-23,360,20,2,20,3,146.67,0,720,1.0,0,20,2
33496,2024-09-24,863,50,4,13,5,174.83,0,639,5.0,1,71,9
65546,2024-04-01,575,20,2,3,4,400.94,0,111,2.0,0,65,4
58032,2024-04-04,133,30,3,2,4,14.97,2,395,5.0,0,22,4
52835,2024-04-11,159,40,0,4,2,381.5,1,552,4.0,0,31,4
54614,2024-12-10,704,40,0,8,1,55.6,2,835,4.0,1,61,12
47601,2024-07-31,793,50,4,24,2,241.9,1,777,3.0,1,24,7
39945,2024-06-06,273,50,4,24,5,182.39,0,546,2.0,1,75,6
44020,2024-12-23,798,10,1,6,5,164.62,1,516,4.0,0,62,12
89883,2024-05-25,182,20,2,10,5,116.03,0,162,2.0,0,66,5
51106,2025-03-03,222,50,4,22,2,148.67,2,489,5.0,1,38,3
39236,2024-06-05,793,30,3,1,1,158.11,1,593,4.0,1,47,6
39267,2024-10-02,399,10,1,17,3,153.15,2,549,5.0,0,74,10
20814,2024-12-18,914,10,1,16,4,291.29,0,816,4.0,1,65,12
62697,2024-09-19,774,10,1,5,2,471.12,0,477,5.0,1,25,9
45453,2024-08-15,363,40,0,8,3,292.74,1,929,5.0,1,63,8
41166,2024-04-17,783,50,4,24,5,51.74,2,580,5.0,0,61,4
12817,2024-06-06,466,50,4,22,4,397.46,2,541,5.0,1,40,6
86435,2024-07-30,988,40,0,7,4,431.48,0,84,3.0,0,48,7
16539,2024-04-10,334,50,4,18,3,474.32,2,319,5.0,1,21,4
32285,2024-08-23,978,10,1,6,1,127.53,1,898,5.0,1,43,8
73165,2024-12-29,237,40,0,4,2,240.26,2,429,1.0,0,48,12
28298,2024-06-07,555,40,0,8,3,346.82,0,632,5.0,0,18,6
77934,2025-01-16,695,20,2,15,1,66.24,2,250,5.0,1,27,1
42115,2024-11-09,135,20,2,20,4,39.22,0,570,4.0,0,55,11
10254,2024-09-10,318,30,3,23,1,70.93,1,621,3.0,1,73,9
39027,2024-12-26,757,30,3,2,1,274.59,0,742,5.0,1,23,12
30197,2024-07-09,386,40,0,7,1,305.82,2,638,5.0,1,39,7
83687,2024-08-26,115,50,4,22,5,475.89,1,452,5.0,0,52,8
88015,2024-05-20,285,20,2,15,4,264.29,0,320,5.0,1,62,5
84063,2025-01-20,744,50,4,13,5,321.04,0,753,5.0,0,43,1
50447,2024-10-21,910,40,0,7,3,167.32,2,322,5.0,1,22,10
29786,2024-09-10,749,40,0,7,3,334.67,0,780,5.0,0,23,9
79948,2024-08-14,858,40,0,8,2,164.11,0,781,5.0,0,66,8
68238,2025-03-17,261,50,4,18,3,332.25,1,485,4.0,1,68,3
66682,2025-02-04,632,50,4,24,1,315.09,0,74,5.0,0,42,2
47971,2024-04-06,363,20,2,3,5,279.12,0,148,4.0,0,47,4
54869,2024-03-29,369,10,1,16,4,486.84,1,436,5.0,0,42,3
28063,2024-05-03,398,30,3,2,5,16.7,0,728,5.0,1,26,5
99909,2024-08-11,233,10,1,21,1,474.06,1,762,5.0,0,37,8
77523,2025-01-28,543,30,3,2,5,355.65,0,105,5.0,1,21,1
60807,2025-01-07,798,20,2,15,1,280.12,0,129,5.0,0,39,1
77884,2024-12-05,620,20,2,20,3,145.36,0,764,3.0,0,41,12
76854,2024-09-14,845,30,3,12,2,148.59,0,20,5.0,0,64,9
35603,2024-08-15,177,40,0,19,4,228.81,0,345,3.0,0,68,8
14361,2024-12-12,178,50,4,13,4,233.12,0,725,5.0,1,23,12
99182,2024-12-19,395,20,2,14,3,197.66,0,213,5.0,0,23,12
57585,2025-01-07,394,40,0,11,4,494.32,1,412,5.0,0,50,1
75434,2024-12-03,775,10,1,6,3,256.12,1,98,3.0,1,21,12
49651,2024-04-08,937,40,0,8,4,267.72,0,901,5.0,1,19,4
80835,2024-12-26,114,20,2,20,3,240.05,0,350,3.0,0,40,12
46326,2024-12-15,625,10,1,5,4,427.65,1,14,3.0,1,31,12
11108,2024-06-26,575,40,0,4,2,27.59,2,796,1.0,0,58,6
82916,2024-08-24,180,30,3,1,1,375.92,0,481,5.0,0,73,8
37787,2024-08-02,971,10,1,21,3,91.52,0,925,5.0,1,35,8
43043,2025-02-27,203,10,1,5,5,185.65,0,163,5.0,0,24,2
74956,2024-12-14,204,50,4,0,5,93.29,2,334,5.0,1,58,12
62833,2024-04-05,955,20,2,15,1,457.29,2,176,1.0,0,71,4
93806,2024-05-17,606,40,0,7,4,336.75,0,118,5.0,0,37,5
12572,2025-01-22,656,20,2,20,4,226.45,0,592,5.0,1,46,1
87787,2024-05-13,836,40,0,7,2,233.85,0,146,5.0,1,67,5
77178,2024-09-17,167,40,0,8,5,126.23,1,391,3.0,1,61,9
70476,2024-10-13,883,30,3,12,1,489.19,1,885,3.0,1,32,10
66492,2025-02-21,112,10,1,17,4,375.13,0,691,5.0,1,30,2
62824,2024-12-25,629,30,3,1,5,321.94,1,650,2.0,0,63,12
85614,2025-03-13,189,20,2,20,5,452.67,1,238,5.0,0,70,3
89312,2024-08-30,276,10,1,17,3,188.78,2,864,5.0,1,31,8
59644,2024-10-28,139,40,0,19,5,108.39,1,103,5.0,1,61,10
77706,2024-06-17,111,50,4,24,2,416.93,0,191,5.0,1,33,6
69355,2024-12-04,683,30,3,9,1,404.07,0,825,5.0,1,18,12
30464,2024-07-01,563,20,2,15,2,483.96,1,116,3.0,0,25,7
77850,2024-06-19,633,10,1,5,4,272.92,0,397,3.0,0,30,6
96195,2024-09-25,975,30,3,2,4,196.7,1,668,5.0,1,27,9
17277,2024-10-21,157,20,2,15,4,22.26,1,384,3.0,0,70,10
48665,2024-05-14,620,10,1,21,2,455.6,0,794,5.0,1,65,5
55003,2024-11-13,910,10,1,16,4,159.14,0,197,5.0,1,74,11
98322,2024-04-08,157,50,4,0,1,200.44,0,539,5.0,0,60,4
46001,2024-10-14,661,50,4,13,1,297.8,1,241,5.0,1,40,10
56829,2024-08-04,839,10,1,21,1,311.67,0,917,5.0,1,59,8
15545,2024-12-08,128,40,0,11,2,475.77,0,298,5.0,0,65,12
21109,2024-07-17,719,50,4,24,3,39.67,0,756,5.0,1,37,7
59875,2024-08-02,210,40,0,8,4,334.76,1,763,5.0,1,49,8
71005,2024-09-26,203,10,1,5,3,129.35,2,226,5.0,1,28,9
77455,2024-06-29,845,50,4,0,3,297.33,2,310,3.0,1,64,6
16285,2024-10-30,579,50,4,18,4,145.86,2,749,5.0,0,59,10
20485,2024-06-07,602,20,2,20,4,333.92,2,229,5.0,1,44,6
56705,2024-08-12,299,20,2,14,2,168.65,2,462,2.0,1,38,8
25974,2025-02-12,123,40,0,4,1,65.69,2,175,4.0,0,71,2
99133,2025-01-05,928,50,4,22,1,63.44,1,55,1.0,0,26,1
60024,2024-08-21,643,50,4,24,5,234.44,2,688,5.0,0,71,8
53269,2024-08-09,314,40,0,11,5,346.19,0,484,5.0,1,54,8
23687,2025-03-03,371,10,1,5,2,308.07,2,524,5.0,0,68,3
16821,2024-05-18,175,50,4,22,4,358.95,0,649,5.0,0,68,5
25702,2025-03-12,423,40,0,4,4,306.66,2,486,5.0,1,40,3
24054,2024-11-05,953,50,4,0,3,220.73,2,383,4.0,0,26,11
85558,2024-04-27,619,40,0,11,3,367.51,0,808,4.0,0,60,4
98627,2025-01-24,886,30,3,1,4,346.54,0,846,5.0,0,25,1
32058,2024-05-27,843,10,1,21,3,57.32,1,142,3.0,1,28,5
28608,2024-04-08,436,10,1,17,1,478.75,1,21,3.0,1,51,4
58103,2025-01-29,389,30,3,23,3,435.37,1,536,5.0,1,18,1
25747,2025-03-18,874,30,3,9,4,60.76,1,10,1.0,0,64,3
75314,2024-05-31,417,20,2,20,1,181.56,1,761,3.0,0,24,5
33743,2024-12-24,405,50,4,0,3,405.54,1,502,5.0,0,64,12
21731,2024-08-19,206,50,4,22,5,22.86,1,341,5.0,1,34,8
66977,2025-03-18,568,20,2,3,1,354.32,0,242,5.0,1,67,3
25952,2024-12-30,448,20,2,10,5,287.5,0,11,5.0,0,73,12
80882,2025-02-27,511,10,1,16,3,375.59,2,467,3.0,0,32,2
27123,2024-12-27,144,20,2,3,3,162.7,0,748,5.0,0,18,12
60144,2025-01-23,287,10,1,16,4,86.23,1,434,5.0,1,65,1
85940,2024-07-15,722,40,0,11,1,247.97,0,165,4.0,1,37,7
53860,2024-05-14,490,50,4,18,2,179.13,2,946,2.0,0,62,5
32569,2025-02-06,336,40,0,4,2,336.89,2,620,1.0,1,26,2
72236,2024-07-05,959,10,1,16,5,110.17,2,366,5.0,0,47,7
79004,2024-05-14,190,30,3,9,4,68.79,0,747,5.0,1,50,5
39329,2024-08-28,218,40,0,4,2,354.8,1,289,4.0,0,59,8
53191,2024-11-21,852,30,3,12,4,204.56,1,283,5.0,1,30,11
44035,2024-08-10,974,10,1,5,4,292.12,1,76,4.0,0,39,8
16865,2025-01-06,991,30,3,12,3,208.47,0,686,5.0,1,39,1
68850,2025-02-07,484,40,0,7,1,53.18,2,556,1.0,0,58,2
64425,2024-12-19,780,50,4,18,5,203.93,0,527,5.0,1,22,12
52324,2024-09-20,932,20,2,20,2,260.14,2,523,4.0,1,64,9
11008,2024-07-23,981,30,3,9,2,366.42,1,357,5.0,1,58,7
47725,2024-09-12,320,20,2,3,3,106.66,1,46,5.0,0,36,9
18819,2024-06-16,775,10,1,6,4,476.13,1,880,4.0,0,70,6
95354,2024-07-13,394,50,4,13,2,343.76,1,758,5.0,1,30,7
48878,2024-09-07,814,30,3,9,2,83.97,2,324,4.0,0,75,9
44704,2025-02-25,911,30,3,2,4,37.52,1,446,5.0,0,62,2
88424,2024-06-06,535,10,1,16,2,190.68,0,947,5.0,0,44,6
73269,2025-01-03,748,10,1,17,2,301.1,0,95,4.0,0,24,1
38565,2024-10-28,884,10,1,21,5,455.43,1,538,5.0,1,50,10
33851,2024-11-13,713,40,0,4,5,83.92,2,447,4.0,0,48,11
76010,2024-09-24,248,30,3,12,1,257.23,2,837,5.0,0,51,9
75278,2025-03-03,538,40,0,4,3,266.15,2,275,3.0,1,59,3
51458,2025-01-27,400,40,0,11,1,389.49,1,449,4.0,0,19,1
21004,2024-04-17,843,30,3,12,5,171.55,1,351,5.0,1,30,4
50813,2025-01-29,481,50,4,0,4,173.35,1,153,5.0,1,70,1
51301,2025-01-07,398,30,3,23,5,73.19,1,243,5.0,1,43,1
23601,2024-08-12,468,40,0,7,3,408.46,1,189,5.0,1,57,8
12469,2024-06-24,816,50,4,18,3,326.55,0,724,4.0,1,35,6
77150,2024-10-10,371,30,3,1,4,476.07,0,25,5.0,0,69,10
11829,2024-05-10,651,20,2,10,5,85.92,0,52,5.0,1,41,5
44470,2024-03-20,188,50,4,22,5,28.5,0,404,5.0,0,61,3
94532,2024-11-06,335,50,4,13,4,85.58,2,663,5.0,0,41,11
55184,2024-06-09,151,20,2,15,5,31.41,0,635,5.0,1,23,6
51963,2024-08-04,471,40,0,4,3,149.61,1,389,5.0,1,61,8
56464,2024-09-23,361,20,2,3,1,483.14,0,301,5.0,1,44,9
58911,2024-07-03,489,50,4,13,1,236.22,0,31,5.0,0,72,7
92232,2024-03-28,961,40,0,19,4,410.28,1,1,5.0,1,33,3
67837,2025-02-02,671,40,0,7,1,281.72,2,886,5.0,0,39,2
23747,2024-08-15,558,10,1,5,1,51.1,2,842,2.0,1,36,8
22228,2025-02-08,789,20,2,15,1,54.94,2,39,5.0,0,62,2
89639,2024-07-17,124,10,1,21,4,36.1,1,611,3.0,1,25,7
10848,2024-05-26,281,10,1,5,5,120.02,0,866,5.0,0,67,5
39860,2025-03-11,967,30,3,1,1,77.42,0,654,5.0,0,53,3
38512,2025-03-09,976,20,2,15,5,229.81,2,256,5.0,1,34,3
73069,2024-08-01,171,20,2,10,2,278.91,1,862,5.0,1,38,8
25229,2024-10-09,644,30,3,1,2,157.56,2,23,1.0,0,27,10
32206,2024-10-13,400,50,4,13,4,40.78,0,573,4.0,1,28,10
47231,2024-11-12,802,50,4,22,2,128.55,2,636,2.0,1,23,11
97281,2024-12-07,450,30,3,1,4,289.63,2,707,5.0,1,32,12
30321,2024-12-11,665,30,3,12,3,477.17,1,9,4.0,1,59,12
43115,2024-12-28,144,50,4,18,3,201.32,0,505,5.0,1,65,12
12858,2024-06-16,957,30,3,9,3,376.19,0,619,5.0,1,28,6
56081,2025-03-09,502,10,1,17,5,370.24,0,328,5.0,1,38,3
54630,2025-02-05,967,30,3,1,4,416.89,1,687,4.0,0,64,2
99272,2024-04-26,847,20,2,10,3,40.92,0,778,5.0,1,66,4
99923,2024-12-28,145,20,2,20,3,164.64,0,692,4.0,1,66,12
29197,2024-06-26,491,50,4,13,5,134.12,1,342,5.0,1,49,6
91976,2025-01-19,321,10,1,5,2,143.88,0,201,4.0,1,74,1
69112,2024-06-12,234,40,0,11,2,176.13,2,558,4.0,0,29,6
41492,2024-07-02,631,50,4,24,2,402.56,1,321,4.0,1,74,7
72727,2024-12-26,773,20,2,14,3,153.95,2,62,5.0,0,42,12
35088,2024-08-14,157,30,3,23,5,305.28,0,674,5.0,1,50,8
67667,2024-11-14,854,40,0,8,3,366.14,0,200,5.0,1,37,11
42238,2024-07-24,756,10,1,16,4,338.88,0,392,3.0,0,55,7
25852,2025-02-04,544,20,2,20,3,79.96,1,268,5.0,1,21,2
79864,2024-04-07,825,20,2,20,5,125.64,1,284,3.0,1,36,4
17044,2024-03-28,502,50,4,18,1,306.5,1,518,4.0,1,47,3
96947,2025-01-27,148,40,0,8,5,291.22,1,303,3.0,1,35,1
63024,2024-12-24,990,30,3,1,3,480.65,2,332,5.0,0,73,12
38096,2024-05-30,826,40,0,4,1,67.7,0,222,5.0,1,58,5
50848,2024-08-27,721,50,4,24,4,350.05,0,459,1.0,1,65,8
37762,2025-03-07,442,10,1,21,1,94.6,1,531,4.0,1,32,3
70317,2024-08-20,151,30,3,9,1,357.67,1,194,4.0,0,27,8
88802,2024-11-12,452,20,2,10,2,398.91,1,746,1.0,1,56,11
86646,2024-09-20,279,20,2,10,2,397.28,2,506,3.0,0,55,9
84845,2024-05-15,614,40,0,4,4,73.59,2,450,5.0,1,71,5
29895,2024-04-17,150,40,0,4,3,211.29,0,706,5.0,1,47,4
48604,2024-03-30,899,30,3,12,5,230.49,1,683,4.0,1,36,3
54625,2025-01-21,539,50,4,22,3,99.16,2,948,4.0,1,70,1
10403,2024-05-03,643,10,1,16,5,263.87,0,373,5.0,1,65,5
46059,2025-01-27,266,20,2,3,4,474.27,1,403,5.0,0,40,1
82793,2025-01-01,261,30,3,1,4,321.18,1,710,2.0,0,49,1
90952,2024-09-05,360,50,4,22,2,55.78,1,703,5.0,1,60,9
91742,2024-08-11,632,20,2,10,1,332.78,1,48,5.0,1,28,8
44592,2024-08-17,909,50,4,18,2,414.37,2,413,5.0,1,66,8
53649,2024-12-22,742,50,4,24,1,329.05,1,715,4.0,0,56,12
45831,2025-02-07,685,40,0,4,1,151.94,0,745,4.0,0,74,2
80435,2024-07-05,681,40,0,7,1,232.24,1,326,5.0,1,41,7
14447,2024-03-20,761,40,0,11,2,109.97,1,606,5.0,0,69,3
32331,2025-01-23,241,30,3,9,2,487.93,2,468,5.0,0,61,1
72286,2025-02-07,702,10,1,5,5,128.45,2,730,2.0,1,58,2
78768,2024-08-03,880,10,1,16,1,152.2,0,72,5.0,1,49,8
26392,2025-01-28,282,20,2,3,1,467.54,1,700,3.0,0,73,1
16669,2024-05-25,360,40,0,4,3,238.74,0,479,4.0,1,34,5
29275,2024-11-23,180,40,0,4,4,234.04,2,697,1.0,1,68,11
69068,2024-09-07,220,10,1,5,5,252.5,1,944,5.0,1,71,9
37813,2024-08-02,792,10,1,16,5,221.15,0,609,5.0,0,24,8
48519,2024-09-22,954,30,3,12,4,206.28,1,419,4.0,1,67,9
29305,2024-07-24,596,30,3,12,3,199.31,0,690,5.0,1,23,7
81394,2024-12-17,110,50,4,22,3,68.22,2,71,3.0,0,52,12
26545,2024-05-08,985,30,3,2,2,470.08,2,465,5.0,0,54,5
98794,2024-07-09,993,50,4,18,2,32.2,2,125,5.0,0,57,7
87690,2024-04-08,775,50,4,13,5,82.98,1,166,5.0,1,41,4
52213,2025-02-21,648,30,3,1,1,202.55,1,371,5.0,1,57,2
49232,2024-07-03,172,30,3,2,1,415.86,1,312,4.0,0,53,7
79470,2025-03-12,247,40,0,8,2,190.5,1,601,5.0,1,41,3
20522,2024-11-07,380,30,3,12,2,302.49,0,856,5.0,0,31,11
56073,2024-05-02,440,50,4,22,4,121.5,2,365,4.0,1,57,5
41063,2024-07-21,890,50,4,13,5,82.41,1,798,1.0,0,27,7
62699,2024-04-11,722,10,1,6,4,19.28,0,457,4.0,1,36,4
25889,2024-09-24,507,20,2,15,4,255.89,1,921,5.0,0,51,9
71237,2024-09-05,588,10,1,6,4,264.15,1,53,3.0,0,57,9
34740,2024-07-04,111,50,4,13,3,163.74,2,641,4.0,0,44,7
37821,2024-07-12,855,50,4,24,2,341.18,1,679,5.0,0,37,7
43279,2024-03-30,403,30,3,2,4,247.25,2,26,2.0,1,26,3
54459,2024-05-22,676,30,3,9,5,355.4,1,461,5.0,1,35,5
71713,2024-10-03,819,30,3,2,3,467.51,1,203,2.0,1,50,10
55426,2024-12-08,139,50,4,13,5,448.92,0,160,5.0,1,69,12
79928,2024-12-16,246,20,2,3,3,30.61,1,139,5.0,1,50,12
52566,2025-01-24,799,30,3,23,4,114.85,1,909,2.0,0,31,1
49956,2025-01-17,675,30,3,1,5,63.52,1,33,4.0,1,24,1
79476,2024-09-20,880,50,4,0,4,322.59,2,547,5.0,1,25,9
52052,2024-10-27,247,40,0,8,3,343.78,2,543,5.0,0,20,10
45326,2024-08-15,714,20,2,15,2,329.92,0,368,4.0,1,41,8
38806,2024-07-14,665,30,3,9,3,149.85,2,346,5.0,1,62,7
46244,2024-07-23,263,50,4,0,5,272.22,1,355,5.0,1,62,7
39858,2024-08-29,339,20,2,15,5,442.3,2,912,5.0,1,19,8
51679,2024-03-29,861,40,0,11,4,101.29,1,952,5.0,1,32,3
10201,2024-10-14,455,10,1,16,4,156.21,1,416,5.0,1,23,10
98074,2024-08-03,463,30,3,23,4,494.66,1,156,4.0,0,47,8
82077,2024-09-14,889,20,2,14,1,239.33,2,50,5.0,1,37,9
20351,2024-05-30,627,40,0,7,5,362.11,2,548,5.0,0,62,5
24734,2025-03-05,674,50,4,0,2,95.99,1,469,5.0,0,39,3
87219,2024-05-06,234,50,4,24,1,52.5,1,744,5.0,1,25,5
20393,2025-02-28,133,40,0,7,5,468.55,2,792,2.0,1,68,2
84575,2024-11-02,922,30,3,9,4,157.95,1,605,4.0,1,68,11
38523,2024-06-20,383,30,3,1,3,40.44,2,732,4.0,1,60,6
90933,2024-06-21,799,50,4,24,3,348.24,1,557,5.0,1,65,6
53977,2024-12-17,125,50,4,0,1,117.37,2,826,4.0,0,43,12
50771,2024-05-16,472,50,4,24,4,213.76,1,215,5.0,0,24,5
21473,2024-10-19,369,20,2,10,2,343.37,1,28,5.0,1,56,10
93130,2024-07-11,233,40,0,4,2,354.85,2,190,5.0,1,38,7
85009,2025-01-23,260,50,4,22,4,109.06,1,271,5.0,1,21,1
53070,2024-11-19,503,50,4,13,5,66.96,2,278,5.0,0,68,11
36125,2024-06-06,521,50,4,13,5,406.26,0,739,5.0,1,30,6
76563,2024-10-31,108,50,4,18,2,283.81,1,470,5.0,0,59,10
35219,2025-01-03,739,40,0,7,4,410.06,1,171,1.0,1,21,1
39825,2024-03-28,301,40,0,7,5,353.19,1,499,5.0,1,50,3
32037,2024-11-07,897,10,1,21,5,25.55,0,793,5.0,1,42,11
13595,2024-08-02,311,40,0,7,1,496.5,0,130,4.0,1,25,8
58789,2024-07-01,318,40,0,11,4,49.32,1,411,5.0,1,72,7
80473,2024-10-21,317,30,3,12,2,97.45,1,349,3.0,1,44,10
15625,2024-12-31,852,20,2,20,4,380.53,0,952,4.0,0,45,12
71490,2024-04-23,364,40,0,4,1,195.85,2,729,1.0,1,45,4
66073,2025-01-30,983,30,3,1,2,469.33,1,18,5.0,1,40,1
49765,2024-04-21,389,40,0,4,3,385.37,2,286,1.0,1,35,4
83207,2024-05-27,530,50,4,18,5,228.76,1,497,5.0,1,56,5
55540,2024-10-06,424,10,1,21,4,225.09,1,867,1.0,0,23,10
15824,2024-12-25,119,10,1,6,2,256.91,0,868,1.0,1,58,12
96162,2024-09-12,887,50,4,24,5,292.96,1,797,5.0,1,34,9
19293,2024-06-20,633,20,2,14,1,118.31,0,88,2.0,0,33,6
37972,2024-10-07,603,50,4,0,4,316.74,0,92,4.0,1,53,10
11911,2025-02-21,572,30,3,23,3,395.04,0,400,5.0,1,44,2
66566,2024-07-28,794,30,3,23,5,100.1,1,460,4.0,0,19,7
63722,2024-06-24,614,30,3,1,1,404.83,2,137,4.0,1,36,6
28186,2024-05-17,889,50,4,22,1,75.71,2,623,2.0,1,41,5
14303,2024-08-14,332,10,1,21,5,425.1,2,35,4.0,0,51,8
49509,2024-08-18,508,10,1,5,1,194.81,1,608,5.0,0,58,8
24078,2024-11-29,344,20,2,14,5,364.91,1,911,1.0,1,71,11
59338,2025-01-03,937,30,3,9,4,478.94,2,306,1.0,1,48,1
57240,2024-12-12,426,10,1,21,4,458.08,1,282,5.0,1,61,12
52736,2024-04-15,175,20,2,14,2,167.59,0,907,3.0,0,49,4
58283,2025-01-25,787,30,3,9,3,138.17,1,90,5.0,0,22,1
84978,2024-09-05,292,40,0,7,1,458.02,0,603,3.0,1,64,9
45699,2025-02-03,200,20,2,10,3,17.95,1,406,5.0,0,26,2
20938,2024-10-22,478,40,0,7,1,84.68,0,305,1.0,0,40,10
31412,2024-06-17,898,20,2,15,2,279.81,1,534,3.0,0,61,6
23743,2024-04-14,388,40,0,11,4,235.81,1,202,5.0,1,43,4
63051,2024-08-15,525,50,4,13,1,100.18,1,831,5.0,1,33,8
95641,2024-05-25,887,50,4,18,3,421.14,2,336,5.0,0,74,5
93539,2025-02-25,907,10,1,21,2,77.37,1,230,1.0,0,43,2
20636,2024-03-22,707,10,1,6,2,257.81,0,594,5.0,0,31,3
68604,2024-04-07,117,50,4,13,2,333.05,2,555,5.0,0,45,4
99015,2024-10-26,420,10,1,16,5,269.41,0,388,4.0,1,66,10
46587,2024-06-26,715,50,4,13,3,405.02,2,800,5.0,1,52,6
17305,2024-12-26,914,20,2,10,5,104.05,1,68,2.0,1,28,12
23570,2024-05-21,721,40,0,8,5,192.8,0,69,4.0,1,35,5
92246,2025-02-11,988,20,2,3,3,345.18,2,419,5.0,0,21,2
75246,2024-08-27,643,10,1,16,5,208.59,0,567,4.0,1,56,8
61329,2024-12-07,311,10,1,6,2,50.52,0,30,5.0,1,74,12
93329,2024-10-01,775,10,1,17,4,460.38,2,293,1.0,0,44,10
26186,2024-05-27,822,50,4,13,3,142.84,2,714,5.0,1,38,5
18555,2025-03-06,287,50,4,22,2,332.47,2,232,5.0,1,68,3
57457,2024-05-11,284,20,2,14,1,80.65,1,822,5.0,1,37,5
10825,2024-09-09,693,30,3,1,1,286.34,1,665,5.0,1,63,9
84991,2024-11-20,434,50,4,24,1,198.08,1,133,5.0,1,33,11
17263,2024-06-10,542,10,1,17,5,375.27,0,893,5.0,1,47,6
43226,2024-09-09,221,10,1,5,1,306.53,1,551,5.0,1,32,9
84629,2024-12-24,246,30,3,12,4,320.72,0,209,4.0,1,75,12
55698,2025-03-16,776,40,0,11,4,101.01,1,354,5.0,1,48,3
66122,2024-11-06,280,50,4,24,1,401.05,1,743,5.0,1,46,11
24487,2024-07-01,468,40,0,19,1,372.43,0,57,3.0,1,38,7
60664,2024-08-12,809,30,3,23,3,186.36,0,189,5.0,1,21,8
46781,2024-07-03,543,40,0,11,1,282.92,1,503,4.0,1,32,7
47485,2025-01-16,868,30,3,2,1,55.6,1,844,5.0,0,55,1
80222,2024-06-25,543,10,1,5,2,212.77,2,750,5.0,0,50,6
69990,2024-04-22,839,20,2,14,2,265.34,1,198,3.0,1,49,4
89114,2024-07-14,397,30,3,9,3,251.63,2,496,5.0,1,40,7
61935,2024-04-14,484,30,3,23,3,393.51,0,297,2.0,1,68,4
96674,2024-04-30,674,40,0,4,3,312.17,0,716,5.0,1,21,4
37431,2024-04-28,736,40,0,7,5,422.39,0,375,5.0,1,26,4
13425,2024-09-14,852,30,3,23,4,409.58,1,664,5.0,1,46,9
38547,2024-12-10,486,30,3,2,3,474.17,2,894,4.0,1,61,12
42068,2024-05-12,529,40,0,7,5,152.81,1,738,5.0,1,19,5
23008,2024-11-01,248,20,2,3,5,194.27,0,723,3.0,1,53,11
23420,2024-08-19,508,20,2,14,4,498.66,2,614,5.0,0,56,8
35117,2025-02-24,391,40,0,19,5,224.84,0,110,5.0,1,60,2
79582,2025-01-17,388,40,0,11,1,78.2,0,253,1.0,0,66,1
61272,2024-05-01,192,40,0,11,3,46.24,1,575,4.0,1,18,5
67596,2025-02-15,348,50,4,13,2,276.39,0,453,5.0,0,41,2
60808,2025-01-08,424,50,4,18,3,63.59,2,99,5.0,1,19,1
87513,2024-05-04,782,50,4,18,2,285.98,1,847,5.0,1,44,5
30444,2024-12-24,651,30,3,23,4,61.91,2,4,2.0,0,38,12
62506,2024-05-09,560,50,4,22,1,294.45,1,658,1.0,1,65,5
45719,2024-08-25,329,40,0,4,3,348.31,2,859,3.0,1,26,8
89715,2024-07-06,941,10,1,5,1,213.83,2,809,5.0,1,28,7
58368,2024-12-08,522,20,2,3,3,162.83,0,12,5.0,0,23,12
41135,2024-08-17,862,30,3,23,4,57.84,1,356,5.0,1,23,8
78277,2025-01-17,157,30,3,12,4,406.99,2,323,5.0,1,38,1
61065,2024-04-20,988,10,1,6,1,465.66,1,934,1.0,1,25,4
96568,2024-03-21,842,20,2,3,1,284.33,0,671,1.0,1,62,3
14284,2024-06-05,865,20,2,10,1,323.83,0,544,3.0,0,63,6
90910,2024-04-17,280,20,2,15,3,300.18,0,296,5.0,1,24,4
42128,2024-11-13,563,30,3,12,2,292.9,1,584,5.0,1,46,11
58130,2024-05-17,171,40,0,8,1,138.55,0,379,4.0,0,56,5
40110,2024-07-03,325,50,4,13,5,309.54,1,571,5.0,1,27,7
89076,2024-10-12,967,40,0,4,3,94.54,1,879,5.0,1,69,10
75860,2024-07-02,370,50,4,22,3,51.53,2,595,3.0,1,63,7
22360,2024-04-19,766,10,1,6,3,192.92,2,670,4.0,1,68,4
37265,2024-05-01,162,20,2,14,3,198.02,2,91,4.0,0,37,5
23672,2024-10-30,158,20,2,14,2,91.76,0,27,5.0,1,49,10
22599,2025-01-28,888,40,0,4,4,36.27,0,684,5.0,0,18,1
39126,2024-08-09,225,20,2,15,3,482.28,1,615,5.0,1,24,8
14108,2024-09-22,820,40,0,11,1,357.97,0,431,4.0,1,55,9
12544,2024-07-02,958,10,1,6,3,153.12,0,877,1.0,1,28,7
49580,2024-12-25,828,40,0,4,1,373.83,0,872,4.0,1,30,12
96065,2024-07-01,297,10,1,5,2,389.81,0,247,4.0,0,62,7
97353,2025-02-20,626,40,0,4,2,117.09,0,560,5.0,0,31,2
90540,2024-12-19,259,20,2,3,4,438.66,2,630,4.0,1,49,12
33770,2025-03-10,716,10,1,21,1,433.99,2,152,5.0,1,42,3
82817,2025-03-13,486,50,4,24,4,431.91,1,817,5.0,1,29,3
27140,2024-08-17,260,20,2,10,1,408.63,2,529,4.0,0,21,8
53754,2024-07-11,190,50,4,22,1,92.5,1,150,2.0,0,73,7
81512,2024-12-23,976,50,4,18,3,76.44,0,161,5.0,1,49,12
62597,2024-08-17,828,20,2,10,1,132.34,1,708,3.0,1,54,8
40338,2024-12-31,310,40,0,11,5,79.66,1,813,2.0,1,36,12
81439,2024-11-17,792,40,0,8,2,320.48,2,957,4.0,0,21,11
59486,2024-11-29,327,30,3,23,5,475.62,0,60,4.0,0,61,11
50145,2024-10-26,554,10,1,21,3,321.07,1,602,3.0,1,34,10
26849,2024-11-24,667,50,4,13,3,116.74,0,216,5.0,0,27,11
99423,2024-08-30,675,30,3,9,5,175.5,1,2,5.0,0,73,8
10211,2024-07-23,964,30,3,12,2,32.51,1,382,5.0,0,25,7
47342,2024-08-30,141,10,1,6,4,226.23,2,689,5.0,1,59,8
35152,2025-03-01,106,20,2,3,1,87.9,0,86,5.0,1,64,3
28742,2024-06-02,184,10,1,5,5,335.61,1,82,5.0,1,34,6
20004,2024-05-25,137,30,3,1,3,220.32,2,315,5.0,1,49,5
53575,2024-05-04,622,40,0,8,3,75.02,2,60,4.0,1,33,5
34224,2025-01-27,347,10,1,5,5,410.38,0,426,5.0,0,35,1
87467,2024-10-05,199,20,2,15,4,53.77,2,313,5.0,1,38,10
89887,2024-05-13,576,30,3,1,3,197.53,2,943,5.0,0,32,5
71870,2024-12-30,522,10,1,17,3,286.01,1,916,5.0,1,56,12
63842,2024-06-22,781,20,2,10,2,460.75,1,535,5.0,0,68,6
97274,2025-02-24,560,10,1,16,3,78.61,2,149,4.0,1,55,2
23807,2024-12-02,547,40,0,7,5,397.63,2,258,2.0,1,53,12
74278,2024-10-13,225,50,4,22,1,304.0,1,239,2.0,1,24,10
27836,2024-06-09,302,10,1,5,4,110.67,1,65,4.0,0,73,6
13591,2024-04-21,884,30,3,12,1,394.06,2,70,4.0,1,18,4
50980,2024-05-29,688,40,0,4,2,44.8,2,495,5.0,1,27,5
53270,2024-09-15,848,20,2,15,1,431.8,1,799,4.0,0,65,9
47212,2024-03-28,856,20,2,15,4,477.68,2,652,5.0,1,29,3
30090,2024-03-26,493,30,3,1,3,29.52,2,310,5.0,1,20,3
47189,2024-05-10,700,30,3,2,1,385.88,0,483,5.0,1,57,5
92276,2024-07-11,555,50,4,22,4,311.86,0,910,5.0,1,63,7
84661,2024-04-04,129,20,2,10,2,272.83,0,439,4.0,0,38,4
62444,2024-10-14,222,10,1,5,3,352.35,1,783,5.0,1,70,10
94912,2024-11-14,795,20,2,20,4,463.07,2,180,4.0,0,70,11
90560,2024-05-26,739,30,3,1,2,68.53,1,358,5.0,1,69,5
50437,2024-09-20,220,40,0,7,2,266.27,1,644,2.0,1,34,9
50139,2024-12-10,905,30,3,12,4,388.0,2,699,3.0,1,53,12
22264,2024-03-26,870,50,4,18,1,138.85,1,108,5.0,0,63,3
84937,2024-05-02,186,50,4,24,4,37.17,1,471,5.0,1,45,5
44793,2024-05-17,401,10,1,17,5,340.32,2,930,1.0,0,54,5
11164,2024-11-20,154,10,1,16,5,129.83,0,961,3.0,1,44,11
53993,2025-03-06,268,20,2,20,3,280.9,1,950,5.0,1,47,3
15858,2024-09-20,626,30,3,1,2,213.97,1,264,3.0,0,51,9
20025,2024-12-21,681,50,4,24,2,68.51,1,553,5.0,1,60,12
33753,2024-08-18,531,50,4,18,3,477.5,2,344,5.0,0,56,8
54627,2024-08-18,297,30,3,9,1,52.33,0,843,5.0,1,42,8
92393,2025-03-12,344,50,4,24,5,372.39,2,785,4.0,0,63,3
25309,2024-08-24,977,40,0,19,3,368.91,1,132,5.0,1,52,8
37422,2024-08-28,444,10,1,21,5,21.72,1,427,3.0,0,22,8
99243,2025-01-25,739,10,1,5,2,10.72,1,554,3.0,0,55,1
26759,2024-04-30,762,30,3,12,3,110.55,2,170,4.0,1,44,4
77451,2024-07-20,509,20,2,3,3,55.58,2,17,5.0,0,71,7
41613,2025-02-21,159,30,3,23,5,487.53,2,672,4.0,0,19,2
20019,2025-03-04,886,40,0,8,4,300.03,2,287,4.0,1,34,3
76799,2024-11-08,691,20,2,3,3,137.89,0,208,5.0,1,39,11
14911,2025-01-18,589,30,3,9,2,231.85,2,513,5.0,1,74,1
42185,2024-09-24,615,50,4,18,2,86.15,2,398,4.0,1,35,9
36989,2024-12-22,639,10,1,17,3,185.56,2,15,4.0,0,48,12
62189,2025-02-21,650,10,1,16,3,87.23,1,769,3.0,0,54,2
51971,2024-04-09,990,50,4,18,4,115.36,0,651,5.0,0,41,4
42991,2024-08-24,144,30,3,23,1,261.6,1,838,2.0,0,44,8
61358,2025-02-26,439,20,2,20,5,476.53,0,677,4.0,0,51,2
40849,2025-01-03,554,10,1,21,4,59.93,2,574,5.0,1,23,1
65102,2024-09-10,294,20,2,10,1,107.09,0,680,3.0,0,52,9
93663,2024-04-25,482,10,1,17,1,297.2,2,224,5.0,1,53,4
92929,2024-10-13,716,40,0,19,2,55.07,0,735,5.0,1,44,10
17439,2024-08-12,520,10,1,6,4,462.82,0,430,5.0,1,55,8
25536,2024-08-07,482,10,1,21,3,344.77,2,369,3.0,1,43,8
45637,2024-10-22,961,30,3,9,3,228.55,2,188,5.0,0,62,10
36922,2024-10-17,226,20,2,3,1,254.46,1,348,4.0,1,75,10
48551,2025-01-14,374,40,0,19,3,215.43,1,113,5.0,0,69,1
62183,2024-04-04,568,50,4,18,2,494.81,1,274,3.0,0,52,4
96862,2024-09-28,146,40,0,7,5,457.21,1,37,3.0,1,29,9
94597,2024-12-28,241,10,1,5,2,302.59,2,231,5.0,0,28,12
44994,2024-12-14,879,10,1,21,5,269.42,1,343,5.0,1,42,12
57366,2024-05-09,267,10,1,6,2,331.86,0,915,4.0,0,32,5
74049,2024-10-07,354,10,1,6,5,292.09,0,914,3.0,0,46,10
14046,2024-12-19,689,20,2,10,4,125.91,0,540,5.0,0,24,12
54645,2024-07-30,190,50,4,18,4,354.69,0,754,5.0,0,75,7
24024,2024-05-09,869,50,4,0,5,419.98,0,757,4.0,1,55,5
57449,2024-10-20,247,10,1,16,5,37.52,1,424,1.0,0,32,10
87653,2024-07-28,653,10,1,5,2,459.77,2,294,5.0,1,28,7
76203,2024-04-03,307,20,2,3,5,39.18,2,647,4.0,1,61,4
45679,2025-02-08,470,10,1,17,4,431.73,2,233,3.0,1,75,2
83914,2024-07-12,738,40,0,4,2,59.51,0,251,3.0,1,25,7
55931,2024-09-13,431,40,0,11,2,328.1,2,179,5.0,0,46,9
68792,2024-11-09,209,50,4,24,1,119.39,1,330,5.0,1,38,11
58848,2024-08-08,876,30,3,1,2,97.08,2,566,5.0,1,36,8
13992,2024-09-28,375,40,0,4,5,25.87,1,316,3.0,0,40,9
33897,2024-06-11,755,50,4,0,1,323.43,2,653,5.0,1,48,6
69817,2024-12-12,100,10,1,6,4,179.94,0,906,5.0,0,18,12
88142,2024-11-09,992,10,1,5,3,228.85,0,73,1.0,0,50,11
43023,2024-11-13,241,30,3,9,5,395.64,1,385,5.0,1,44,11
76411,2024-11-18,576,40,0,19,4,443.43,0,696,5.0,1,57,11
53652,2024-06-14,899,40,0,8,5,416.12,1,295,5.0,0,56,6
23300,2024-06-05,737,20,2,15,2,46.12,2,172,2.0,1,66,6
96041,2024-09-22,595,10,1,16,2,177.49,0,333,5.0,1,56,9
33156,2025-03-16,855,10,1,5,3,301.07,1,493,5.0,0,60,3
81896,2025-01-20,105,40,0,19,2,307.59,0,514,5.0,1,21,1
17483,2024-06-11,205,20,2,10,4,210.55,1,422,5.0,0,48,6
56269,2024-08-25,575,30,3,9,5,155.73,2,415,5.0,0,57,8
62764,2024-11-03,901,40,0,19,4,36.71,2,599,4.0,1,23,11
63876,2024-09-04,545,50,4,13,2,107.84,2,537,1.0,0,53,9
76057,2024-07-03,560,10,1,21,4,423.45,0,526,5.0,0,52,7
28381,2024-04-26,973,30,3,12,1,324.51,0,423,5.0,0,35,4
62323,2024-11-04,308,30,3,1,5,228.43,0,532,4.0,1,26,11
13120,2024-04-07,893,30,3,2,1,40.2,1,494,5.0,1,59,4
78206,2024-08-17,610,30,3,2,5,212.85,1,559,1.0,1,18,8
63278,2024-05-31,722,40,0,4,2,215.13,1,381,5.0,1,53,5
77729,2024-03-23,744,50,4,0,3,243.37,2,314,3.0,0,64,3
76603,2025-02-27,511,10,1,17,2,289.9,1,402,5.0,0,36,2
61332,2024-06-01,200,50,4,0,2,68.94,0,600,5.0,1,39,6
16119,2024-12-03,628,20,2,10,1,71.83,0,953,5.0,0,28,12
91463,2024-09-27,110,20,2,10,5,418.71,0,298,3.0,0,66,9
85934,2024-03-23,141,10,1,16,2,200.17,0,192,4.0,0,60,3
91509,2025-02-24,113,50,4,13,3,459.41,2,726,5.0,0,43,2
36278,2024-11-09,246,50,4,13,2,65.13,2,717,5.0,0,75,11
13725,2024-06-16,564,10,1,16,4,285.72,2,254,5.0,0,26,6
45232,2024-05-28,140,30,3,23,2,139.43,1,510,4.0,0,67,5
55539,2024-12-13,614,10,1,6,5,144.95,2,272,5.0,0,59,12
77318,2025-02-18,305,40,0,8,2,203.94,0,61,5.0,1,23,2
25761,2024-05-11,657,40,0,7,4,449.55,2,617,3.0,0,29,5
62981,2024-07-20,200,30,3,9,2,422.99,1,960,5.0,1,67,7
54917,2024-12-26,405,20,2,10,4,157.24,1,83,4.0,0,62,12
73536,2024-06-12,311,30,3,23,5,306.44,2,618,5.0,1,61,6
47349,2025-01-26,517,40,0,11,2,382.15,0,245,5.0,0,47,1
19284,2024-07-28,944,20,2,20,5,162.45,1,610,4.0,0,52,7
60712,2025-02-09,775,50,4,22,5,24.18,2,221,5.0,1,57,2
92087,2024-03-26,888,10,1,6,4,26.2,2,817,5.0,0,21,3
99315,2024-10-03,618,30,3,9,3,413.52,1,463,3.0,1,39,10
10679,2024-04-23,819,10,1,6,4,192.51,1,121,4.0,1,53,4
53474,2024-09-26,892,40,0,4,5,280.15,0,291,5.0,0,44,9
47962,2024-06-13,396,10,1,5,3,23.45,2,66,5.0,0,22,6
39413,2024-10-01,362,20,2,10,2,327.22,1,881,1.0,0,23,10
46239,2025-01-26,413,50,4,18,2,433.67,1,409,5.0,1,52,1
59603,2024-09-05,125,20,2,14,2,402.42,2,515,2.0,0,28,9
92950,2024-03-27,265,30,3,9,2,217.67,0,34,5.0,0,37,3
85365,2024-12-18,870,20,2,15,2,158.05,1,16,5.0,1,59,12
17937,2025-02-17,787,10,1,16,4,260.64,1,290,5.0,0,53,2
74288,2024-08-04,173,50,4,22,2,308.43,0,408,5.0,0,25,8
77157,2025-01-07,635,30,3,9,4,323.89,0,675,2.0,0,61,1
87140,2024-12-02,977,30,3,1,3,83.47,2,505,5.0,0,28,12
54306,2024-09-26,409,50,4,13,1,333.66,1,261,5.0,1,39,9
36926,2024-03-29,350,40,0,7,2,137.12,0,766,4.0,0,68,3
74490,2024-05-26,677,50,4,22,1,409.85,0,267,5.0,1,65,5
75854,2024-10-08,783,50,4,13,3,454.2,1,853,3.0,1,19,10
17341,2024-08-10,291,20,2,14,5,98.76,2,695,4.0,0,20,8
35822,2024-04-22,748,50,4,0,1,473.99,0,362,5.0,1,57,4
47566,2024-09-07,574,20,2,3,4,216.03,0,801,3.0,0,32,9
81133,2024-11-16,682,40,0,8,1,240.56,1,167,4.0,1,33,11
82756,2024-09-28,597,10,1,21,3,445.82,1,722,5.0,0,73,9
14276,2024-09-14,513,50,4,24,5,212.42,2,184,5.0,1,73,9
48855,2024-11-05,809,40,0,4,1,447.49,0,871,5.0,0,47,11
58295,2024-07-17,187,20,2,20,3,248.91,1,604,5.0,1,39,7
24196,2025-01-06,229,10,1,16,1,231.51,2,854,5.0,1,41,1
92507,2024-07-19,170,20,2,15,1,394.75,2,56,5.0,1,48,7
57960,2024-04-09,951,40,0,11,1,220.22,0,93,3.0,1,29,4
34368,2024-07-31,204,20,2,3,3,475.53,0,338,5.0,0,69,7
82764,2024-04-23,763,10,1,16,1,317.08,2,394,1.0,0,37,4
71646,2024-09-15,693,30,3,1,2,60.33,1,246,4.0,1,48,9
82989,2024-05-24,892,10,1,5,1,474.75,0,667,5.0,0,61,5
91997,2024-03-21,118,30,3,23,4,445.11,2,830,3.0,1,47,3
38807,2024-10-11,756,30,3,1,4,90.79,0,101,5.0,1,63,10
81959,2025-03-13,433,20,2,10,2,369.7,1,437,4.0,1,19,3
48904,2025-02-07,931,10,1,21,3,439.51,0,712,5.0,0,63,2
29007,2024-09-11,951,50,4,18,4,334.37,1,474,5.0,1,24,9
35793,2024-11-23,427,10,1,21,2,227.71,2,823,4.0,0,66,11
56948,2025-01-28,349,20,2,10,3,350.64,1,622,5.0,1,55,1
65579,2024-10-07,533,10,1,17,1,142.29,1,79,5.0,1,63,10
61930,2024-04-05,660,10,1,17,3,362.2,2,443,2.0,0,44,4
32947,2025-01-10,387,40,0,19,2,308.41,0,475,5.0,1,41,1
27766,2024-09-25,257,30,3,23,5,154.72,2,405,4.0,1,39,9
21745,2024-12-23,560,40,0,7,5,124.91,2,751,5.0,1,54,12
77096,2024-11-30,369,50,4,13,4,83.08,2,464,5.0,1,22,11
99677,2025-02-15,622,10,1,5,4,325.73,0,327,5.0,1,70,2
39828,2025-02-12,953,40,0,8,3,58.91,2,432,5.0,0,75,2
84736,2024-06-27,624,30,3,9,1,218.74,2,114,5.0,0,68,6
49782,2024-10-27,911,10,1,16,3,427.48,1,347,5.0,1,63,10
45241,2024-10-14,448,40,0,4,5,141.47,1,685,5.0,0,29,10
13431,2025-01-03,591,20,2,20,3,206.38,0,646,2.0,1,63,1
91430,2024-11-08,417,40,0,11,5,327.93,2,855,5.0,0,36,11
14487,2024-11-01,923,10,1,6,5,60.82,1,815,4.0,0,56,11
74218,2024-12-30,631,40,0,19,1,309.55,0,520,5.0,0,52,12
37624,2025-03-08,681,20,2,15,1,461.0,2,115,5.0,1,20,3
25561,2024-11-23,275,10,1,5,1,330.94,2,682,5.0,0,31,11
25091,2025-01-30,766,50,4,22,5,119.75,1,661,5.0,0,20,1
65398,2024-11-18,505,50,4,18,4,222.1,1,143,1.0,1,33,11
37040,2024-07-28,628,40,0,19,3,421.13,1,442,5.0,0,41,7
53928,2024-07-18,624,10,1,6,5,257.73,0,67,5.0,0,35,7
81400,2024-08-02,950,10,1,21,4,167.11,0,791,5.0,1,48,8
38645,2025-02-12,851,20,2,14,2,325.23,0,711,5.0,1,27,2
61294,2024-08-23,645,40,0,4,2,229.57,0,643,4.0,1,38,8
42912,2024-10-05,811,40,0,8,5,60.3,0,307,5.0,0,21,10
91781,2024-03-20,497,10,1,17,3,481.95,1,589,3.0,0,42,3
72072,2025-02-09,349,20,2,15,3,475.67,0,131,5.0,0,51,2
89104,2024-12-07,358,40,0,7,3,284.47,1,85,4.0,0,55,12
25897,2024-11-22,247,30,3,23,5,65.87,1,709,1.0,1,29,11
29111,2024-11-12,355,30,3,2,3,265.77,1,63,5.0,0,18,11
18651,2024-07-04,121,40,0,19,5,412.7,1,740,5.0,1,29,7
36373,2024-09-25,901,50,4,0,1,101.9,0,662,1.0,0,50,9
63014,2025-03-12,323,20,2,3,3,62.81,0,147,5.0,0,39,3
90154,2024-07-27,762,50,4,18,1,388.35,0,483,4.0,0,19,7
81927,2024-05-04,669,50,4,0,1,482.29,2,124,4.0,1,61,5
50538,2024-10-02,868,40,0,4,2,246.64,1,585,5.0,1,33,10
31600,2025-02-19,775,50,4,0,2,367.94,2,380,5.0,0,32,2
50200,2024-05-03,841,50,4,24,2,257.01,0,362,4.0,0,39,5
16430,2024-10-23,522,20,2,3,2,204.96,0,734,5.0,0,57,10
99042,2024-05-26,343,20,2,10,2,212.25,1,265,5.0,0,69,5
29306,2024-12-07,162,50,4,24,3,358.82,1,951,5.0,1,41,12
64799,2024-10-30,950,50,4,24,4,346.44,1,140,5.0,0,71,10
56589,2024-12-27,969,20,2,14,1,275.82,1,701,3.0,1,18,12
79379,2024-10-18,411,30,3,2,5,245.38,1,189,5.0,0,54,10
51171,2024-09-08,608,50,4,24,1,439.96,0,828,5.0,0,19,9
48362,2024-05-12,186,10,1,21,1,81.21,1,234,5.0,1,45,5
86056,2024-05-27,629,20,2,3,2,344.86,2,117,5.0,0,63,5
90329,2024-08-17,114,30,3,1,4,379.26,2,127,3.0,0,49,8
52647,2024-12-16,806,50,4,22,4,433.77,1,694,5.0,1,43,12
60295,2024-09-14,636,50,4,24,2,349.54,2,308,5.0,1,71,9
47453,2024-08-04,175,30,3,2,2,36.36,1,7,2.0,0,58,8
26742,2024-08-30,349,40,0,19,3,456.63,1,857,5.0,1,75,8
31977,2024-04-01,490,50,4,22,5,371.84,2,578,5.0,1,52,4
18511,2024-04-07,877,30,3,23,4,96.94,1,883,5.0,1,56,4
12945,2024-09-30,798,50,4,18,5,194.83,0,407,2.0,1,42,9
86737,2025-01-16,352,20,2,14,1,424.55,2,668,3.0,0,24,1
67405,2024-04-13,183,20,2,20,2,85.31,0,476,4.0,0,43,4
52751,2024-09-08,399,50,4,24,3,250.37,1,96,4.0,1,43,9
54453,2025-01-28,246,30,3,2,2,117.78,2,940,4.0,0,19,1
13011,2024-07-29,231,20,2,15,2,276.11,0,425,5.0,1,69,7
67232,2024-05-29,645,20,2,3,2,172.22,0,456,1.0,0,52,5
92859,2024-09-12,727,50,4,13,3,498.35,1,597,5.0,0,27,9
51714,2024-07-12,479,40,0,19,3,453.2,1,317,5.0,1,27,7
79715,2024-11-22,977,10,1,5,5,196.87,2,895,3.0,0,38,11
26457,2024-10-07,279,30,3,12,5,456.55,0,240,4.0,0,60,10
36759,2024-04-16,952,40,0,8,5,155.25,1,458,5.0,0,43,4
59266,2024-10-14,405,10,1,6,2,486.1,1,581,4.0,0,63,10
18191,2024-12-11,355,20,2,10,2,433.83,0,645,5.0,1,26,12
43995,2024-04-26,537,40,0,8,4,375.98,2,788,5.0,0,62,4
62030,2024-05-28,375,10,1,16,2,45.89,2,933,5.0,0,64,5
62120,2025-03-05,501,50,4,0,3,456.38,0,136,3.0,0,50,3
97308,2024-05-21,712,40,0,7,2,18.28,1,515,5.0,1,64,5
86727,2025-03-10,102,50,4,18,4,380.42,1,596,5.0,0,46,3
94503,2024-09-24,874,30,3,2,2,62.01,1,178,3.0,1,68,9
82945,2024-05-23,952,40,0,11,2,203.61,1,204,5.0,1,39,5
45242,2025-01-14,471,20,2,10,4,375.91,1,672,2.0,0,73,1
32168,2024-09-29,896,30,3,9,4,479.12,2,417,4.0,0,39,9
43139,2024-07-06,669,10,1,16,5,12.46,1,865,3.0,0,67,7
88885,2024-12-13,393,10,1,5,1,112.93,1,637,5.0,1,27,12
27584,2025-01-10,366,40,0,4,1,79.8,2,634,1.0,0,51,1
89618,2025-03-01,567,20,2,20,1,98.87,1,517,5.0,0,42,3
70242,2024-04-21,732,50,4,13,2,325.89,2,214,2.0,1,27,4
11655,2025-03-05,961,10,1,6,4,365.54,0,480,5.0,1,61,3
77187,2024-05-03,500,20,2,20,1,149.72,2,790,5.0,1,40,5
85139,2024-12-13,844,40,0,7,1,312.01,0,257,5.0,1,57,12
49769,2025-02-11,295,50,4,24,5,405.77,0,212,5.0,1,26,2
18860,2025-01-13,860,20,2,15,1,145.57,0,890,5.0,0,61,1
48216,2024-08-12,738,40,0,11,5,228.23,0,455,4.0,1,21,8
32522,2024-11-17,638,50,4,18,4,422.48,2,457,5.0,1,42,11
37275,2024-07-22,765,10,1,16,1,447.13,1,180,5.0,0,57,7
92654,2024-06-10,693,50,4,13,1,386.91,2,878,5.0,0,31,6
60796,2024-06-01,535,50,4,22,2,241.33,2,311,3.0,1,73,6
98151,2024-05-14,707,50,4,24,2,75.6,1,938,4.0,1,45,5
19327,2024-04-26,454,50,4,18,3,334.71,1,242,5.0,0,26,4
77848,2024-07-14,713,20,2,15,4,88.02,1,765,5.0,0,39,7
99026,2024-08-18,665,20,2,15,5,470.2,2,888,1.0,0,34,8
48813,2025-03-14,395,10,1,5,1,191.02,2,904,5.0,0,75,3
88937,2025-01-04,504,30,3,23,2,240.14,0,187,5.0,1,34,1
29312,2024-08-12,481,30,3,12,4,354.83,1,776,5.0,1,64,8
21298,2025-01-17,479,30,3,2,4,276.73,2,873,3.0,1,55,1
82746,2024-11-18,101,50,4,18,3,263.16,0,49,5.0,1,35,11
45270,2024-04-26,685,40,0,7,1,410.45,0,713,4.0,0,71,4
65819,2024-06-16,691,50,4,18,2,255.9,2,177,4.0,1,34,6
14029,2025-02-20,436,50,4,24,4,113.64,2,359,5.0,0,57,2
42097,2024-05-08,317,10,1,6,3,213.16,0,897,5.0,0,63,5
78056,2024-09-21,313,40,0,11,2,113.24,2,812,5.0,1,43,9
29123,2024-09-12,506,20,2,20,3,72.66,1,145,5.0,0,39,9
11363,2024-10-02,816,10,1,17,3,81.96,2,598,2.0,1,63,10
47637,2024-09-28,197,40,0,4,2,484.93,1,926,5.0,0,42,9
72471,2024-08-22,557,30,3,12,3,116.13,1,444,5.0,0,69,8
55956,2024-05-17,110,20,2,10,3,416.88,1,772,5.0,0,70,5
60036,2024-11-27,244,20,2,14,4,333.23,0,803,5.0,0,57,11
65235,2024-07-29,554,40,0,4,1,299.39,2,309,3.0,1,19,7
68904,2024-12-16,957,10,1,6,4,266.13,1,81,5.0,0,25,12
11101,2024-09-27,750,50,4,18,5,96.94,1,805,4.0,0,22,9
91161,2024-05-29,556,50,4,22,3,378.67,2,622,4.0,1,25,5
31593,2025-02-16,343,50,4,22,1,415.49,1,870,5.0,0,44,2
19180,2024-08-17,427,30,3,12,2,351.84,0,511,1.0,0,50,8
21588,2024-03-25,112,40,0,7,2,298.63,1,829,5.0,0,33,3
92632,2024-10-15,712,50,4,18,3,218.49,0,564,4.0,1,26,10
92429,2024-09-20,710,10,1,5,4,303.16,1,304,4.0,1,50,9
99265,2024-08-24,532,10,1,17,5,266.04,1,218,5.0,0,43,8
12167,2024-11-20,500,30,3,23,1,187.51,2,905,4.0,0,46,11
22739,2024-07-15,196,30,3,2,5,217.55,0,814,5.0,1,24,7
51408,2025-02-14,511,40,0,19,2,212.48,1,331,4.0,1,59,2
98186,2024-08-25,606,50,4,13,1,134.35,0,347,4.0,0,47,8
31253,2024-12-11,226,40,0,19,3,428.95,1,492,5.0,1,43,12
34709,2024-10-28,636,20,2,20,2,115.08,0,932,5.0,0,19,10
96221,2025-02-14,136,50,4,18,1,88.76,1,185,5.0,1,31,2
98713,2025-02-05,260,20,2,15,1,463.67,0,77,5.0,1,37,2
79880,2024-06-01,664,30,3,12,5,308.42,1,752,3.0,1,20,6
79018,2024-09-08,460,50,4,22,2,150.37,1,681,5.0,0,54,9
88218,2025-02-04,299,20,2,15,3,225.1,2,438,5.0,1,40,2
69327,2024-08-28,183,50,4,24,3,105.43,1,655,4.0,0,72,8
52134,2024-04-11,592,50,4,0,1,340.27,0,939,1.0,1,65,4
39427,2024-06-13,292,20,2,20,3,498.44,0,94,3.0,1,60,6
55371,2024-04-02,753,50,4,0,4,263.69,1,775,5.0,1,73,4
96190,2024-11-04,415,50,4,24,5,365.81,1,597,5.0,1,18,11
55421,2025-03-16,315,30,3,1,2,307.12,2,530,4.0,1,26,3
36683,2025-02-21,125,10,1,5,2,95.77,1,196,5.0,1,68,2
96700,2024-03-27,598,30,3,9,4,474.04,1,774,5.0,0,64,3
15505,2024-10-25,465,50,4,24,2,350.15,0,270,4.0,0,19,10
46965,2025-02-21,329,30,3,23,3,343.98,1,891,5.0,0,47,2
73481,2024-08-24,538,30,3,12,4,197.51,2,40,5.0,1,22,8
32978,2024-11-11,667,30,3,23,4,478.17,1,791,4.0,0,25,11
60294,2024-04-19,486,30,3,1,4,150.77,0,849,5.0,0,26,4
27462,2024-09-08,864,10,1,17,5,466.38,0,292,3.0,1,67,9
58481,2024-04-18,128,50,4,24,4,99.56,1,845,5.0,1,57,4
93038,2025-01-06,847,40,0,19,5,125.08,2,582,5.0,1,36,1
82649,2024-11-26,983,20,2,10,1,419.8,0,770,5.0,1,60,11
47335,2024-08-25,776,10,1,21,5,310.78,1,147,5.0,0,49,8
90319,2024-06-25,797,30,3,2,4,164.55,1,795,5.0,0,69,6
86183,2025-02-21,263,50,4,24,3,204.96,1,698,5.0,0,72,2
24175,2025-03-19,122,40,0,11,5,470.43,2,207,4.0,1,25,3
73858,2024-05-21,604,20,2,15,4,488.49,1,819,4.0,1,42,5
52435,2024-11-11,529,10,1,16,5,340.31,0,919,4.0,1,18,11
11455,2024-04-14,374,50,4,24,2,101.7,0,958,1.0,0,48,4
93036,2025-01-28,964,50,4,24,4,189.3,0,768,4.0,1,30,1
76569,2025-01-12,447,30,3,9,1,428.62,0,491,4.0,0,56,1
13356,2024-12-27,232,50,4,0,5,408.95,1,159,2.0,1,38,12
95980,2024-12-06,804,40,0,11,1,106.07,1,235,5.0,0,75,12
13042,2024-05-15,464,20,2,15,5,254.8,1,441,4.0,0,54,5
64649,2024-12-07,438,40,0,7,5,132.98,1,3,5.0,1,45,12
79954,2024-07-25,295,20,2,20,5,115.58,0,892,4.0,0,31,7
73957,2024-07-28,834,40,0,7,5,137.29,0,759,4.0,1,24,7
96551,2024-10-21,526,30,3,9,2,19.72,2,195,3.0,0,25,10
85518,2025-03-11,519,50,4,0,1,292.66,1,173,5.0,1,75,3
82689,2024-09-23,254,30,3,9,1,169.29,1,784,4.0,0,23,9
87052,2024-06-13,815,10,1,21,3,310.7,0,874,5.0,1,67,6
35514,2024-08-12,791,20,2,3,4,216.69,1,669,4.0,0,35,8
78620,2024-07-11,909,10,1,16,1,89.38,2,850,3.0,0,47,7
96418,2024-09-18,939,30,3,2,2,325.88,0,494,5.0,0,64,9
80018,2024-11-06,257,30,3,2,4,265.26,0,840,4.0,1,65,11
25370,2024-09-09,576,10,1,6,1,366.61,1,666,2.0,0,57,9
30282,2025-02-19,411,10,1,6,3,91.79,2,876,5.0,1,68,2
11578,2024-05-22,787,40,0,4,2,36.37,0,51,4.0,1,35,5
97390,2024-07-24,512,10,1,5,3,312.87,2,109,5.0,0,71,7
22729,2024-03-31,649,30,3,1,2,131.22,0,936,4.0,1,32,3
32747,2024-06-30,322,50,4,0,1,24.0,1,660,3.0,1,71,6
93277,2024-06-20,428,40,0,11,1,487.74,1,367,5.0,0,70,6
31245,2024-07-25,209,20,2,14,1,96.75,1,525,4.0,0,39,7
50842,2024-10-14,300,50,4,13,3,266.5,1,824,4.0,1,58,10
42780,2024-11-26,482,40,0,4,4,121.29,2,624,4.0,1,32,11
43949,2025-01-28,346,30,3,1,3,158.75,2,227,4.0,0,27,1
50142,2024-10-18,347,20,2,3,2,150.51,1,657,5.0,1,18,10
97111,2024-09-07,897,40,0,7,4,14.47,0,135,5.0,0,33,9
88321,2024-09-22,738,10,1,17,5,193.09,0,908,5.0,1,48,9
95344,2024-10-12,551,20,2,10,3,360.32,1,959,3.0,1,61,10
88797,2024-10-26,244,30,3,12,3,216.9,2,727,4.0,0,43,10
88975,2024-11-14,577,50,4,24,3,149.49,1,521,4.0,1,59,11
52849,2024-03-20,829,20,2,20,3,99.38,0,318,5.0,0,19,3
25985,2025-02-07,480,40,0,7,2,353.23,0,631,5.0,1,65,2
74178,2024-12-13,179,10,1,17,1,20.84,2,302,2.0,1,52,12
16797,2024-07-27,333,40,0,8,1,124.08,2,583,5.0,1,59,7
61595,2024-11-01,586,40,0,7,2,395.01,0,927,5.0,0,32,11
57134,2024-08-29,101,10,1,5,4,49.31,2,38,5.0,0,42,8
54710,2024-04-11,343,10,1,17,5,240.37,2,255,5.0,1,27,4
45307,2025-01-14,162,40,0,8,1,69.76,1,887,1.0,0,68,1
98156,2024-03-20,759,40,0,19,3,371.43,2,863,5.0,0,48,3
85771,2024-12-18,299,10,1,17,2,336.34,2,64,4.0,0,56,12
69632,2024-11-13,451,30,3,9,3,87.72,1,642,5.0,1,36,11
39305,2024-07-25,846,50,4,18,4,134.12,1,87,2.0,1,32,7
42739,2024-09-29,149,10,1,6,5,486.9,2,285,5.0,1,43,9
19510,2024-10-21,648,20,2,3,4,296.5,0,276,5.0,1,25,10
79723,2024-07-16,568,10,1,17,1,393.9,0,613,5.0,1,44,7
58363,2024-09-02,536,10,1,6,5,87.27,2,512,5.0,1,63,9
54476,2025-01-14,678,10,1,16,2,184.2,2,851,5.0,0,21,1
81507,2025-01-13,611,20,2,15,1,124.01,1,504,5.0,0,58,1
14376,2025-02-15,840,40,0,19,5,20.46,0,199,3.0,1,34,2
98227,2024-05-25,960,10,1,21,4,356.25,1,586,2.0,0,75,5
32637,2024-07-15,175,20,2,14,3,101.45,0,937,3.0,0,33,7
32787,2024-12-05,359,50,4,22,5,88.57,1,421,5.0,1,28,12
64016,2024-10-29,970,30,3,2,1,189.89,2,733,5.0,0,61,10
38808,2024-04-21,928,20,2,20,2,313.67,0,787,5.0,1,73,4
48725,2024-06-02,471,10,1,17,2,411.33,2,884,4.0,0,64,6
79047,2024-09-16,517,50,4,0,3,310.39,0,721,4.0,1,62,9
84001,2024-09-17,970,10,1,17,5,332.86,2,181,5.0,1,67,9
24025,2024-10-16,761,10,1,6,5,62.46,2,59,5.0,0,54,10
72324,2024-04-19,735,40,0,11,1,267.65,1,100,4.0,1,64,4
93644,2025-01-31,734,20,2,14,2,361.74,2,900,5.0,1,33,1
35717,2025-03-10,374,40,0,8,1,239.35,1,106,5.0,0,34,3
79189,2024-08-30,639,40,0,7,1,399.18,2,111,5.0,1,66,8
97433,2024-07-26,677,10,1,16,4,418.88,2,577,5.0,1,59,7
46834,2024-06-24,506,10,1,16,5,365.33,1,80,3.0,1,24,6
91867,2024-05-20,893,20,2,14,1,316.41,2,587,4.0,0,45,5
15872,2025-03-14,733,10,1,17,2,185.4,0,718,5.0,1,39,3
41333,2024-05-04,459,10,1,6,3,398.31,1,719,4.0,1,43,5
82894,2024-12-15,585,20,2,14,1,499.23,0,299,5.0,1,58,12
73282,2024-07-23,883,50,4,24,1,423.98,0,339,5.0,1,24,7
37729,2024-12-31,180,30,3,2,2,127.95,1,151,1.0,0,48,12
48803,2024-09-27,285,30,3,9,1,481.21,0,508,5.0,1,31,9
36855,2024-09-22,132,10,1,5,2,301.92,1,650,5.0,0,43,9
40540,2024-10-25,509,10,1,5,3,492.35,2,569,5.0,1,72,10
17074,2024-06-02,224,30,3,2,1,260.52,1,42,5.0,1,37,6
62821,2025-01-15,146,10,1,21,5,184.27,2,410,2.0,0,36,1
65571,2024-03-20,646,20,2,10,1,135.56,0,459,5.0,1,20,3
19925,2025-01-29,747,20,2,20,3,364.55,0,550,5.0,0,51,1
56744,2024-08-17,798,50,4,18,5,301.66,0,376,5.0,0,27,8
99850,2025-02-27,453,40,0,8,3,392.26,0,36,3.0,0,50,2
91017,2025-01-29,408,40,0,8,2,436.2,2,466,5.0,0,26,1
55304,2024-11-16,417,10,1,21,1,36.52,1,563,5.0,0,34,11
41567,2025-01-25,292,20,2,3,4,256.18,2,500,5.0,0,32,1
28844,2024-04-30,580,40,0,11,2,378.89,1,273,4.0,1,51,4
89576,2024-09-21,774,30,3,23,3,82.53,0,363,5.0,0,26,9
95795,2024-06-28,955,10,1,17,4,205.6,2,818,3.0,1,22,6
27117,2024-11-27,312,20,2,10,4,245.65,2,913,4.0,0,66,11
39659,2025-02-26,881,20,2,14,2,311.84,1,509,4.0,1,75,2
63665,2024-11-14,747,30,3,23,1,168.47,1,836,5.0,0,41,11
19863,2024-05-14,315,40,0,7,2,180.67,0,827,3.0,0,24,5
98418,2024-05-28,471,30,3,1,2,493.95,1,154,5.0,0,63,5
50575,2024-09-24,107,50,4,0,4,225.83,2,396,5.0,1,29,9
81790,2024-04-15,854,10,1,16,5,372.39,2,572,5.0,1,74,4
78752,2024-04-07,158,30,3,12,5,178.2,2,401,3.0,0,49,4
14520,2024-12-22,222,30,3,1,3,372.61,2,58,1.0,0,69,12
51391,2025-02-15,418,30,3,2,5,246.68,1,633,5.0,0,31,2
95940,2024-06-24,672,10,1,21,3,295.67,1,97,4.0,1,29,6
19238,2025-01-11,517,10,1,5,2,108.34,1,119,5.0,1,70,1
24744,2024-07-08,818,10,1,16,5,200.44,0,807,5.0,1,34,7
35625,2024-11-24,863,30,3,12,2,19.35,1,370,3.0,1,22,11
45508,2024-10-15,300,50,4,18,3,452.9,0,858,5.0,0,53,10
49017,2024-05-07,128,20,2,10,1,255.32,0,760,4.0,0,70,5
52278,2024-07-25,749,10,1,6,3,461.91,0,183,3.0,1,21,7
14109,2024-07-17,149,20,2,20,5,179.92,0,736,3.0,1,48,7
98997,2024-10-22,703,50,4,24,3,407.83,1,653,2.0,1,59,10
40188,2025-02-24,533,10,1,17,1,475.07,2,223,5.0,0,75,2
11645,2024-12-23,642,20,2,20,5,367.65,1,325,5.0,0,65,12
65284,2025-01-14,290,20,2,15,3,127.78,2,771,4.0,1,75,1
45059,2025-01-15,856,50,4,24,1,230.09,2,377,1.0,1,49,1
60063,2024-12-19,173,50,4,0,1,432.67,0,263,5.0,0,68,12
27736,2024-11-08,106,20,2,15,1,497.89,2,802,5.0,0,58,11
26583,2024-04-10,217,20,2,3,4,43.23,1,387,5.0,1,60,4
27730,2025-03-19,385,30,3,1,1,366.27,0,852,5.0,1,44,3
72159,2024-05-12,329,40,0,7,3,227.07,1,773,5.0,1,64,5
72238,2024-03-28,435,20,2,20,2,74.46,2,329,5.0,0,74,3
38114,2024-05-09,817,30,3,2,2,287.85,2,779,4.0,1,20,5
19405,2024-06-29,433,10,1,5,4,48.94,0,102,5.0,0,23,6
93547,2024-06-29,663,40,0,7,3,100.15,0,786,4.0,1,65,6
49262,2024-07-14,910,20,2,10,3,25.79,2,811,5.0,1,22,7
97874,2024-05-30,967,20,2,10,5,381.31,2,381,5.0,1,71,5
76505,2024-12-11,295,40,0,4,5,250.07,0,29,5.0,0,19,12
41014,2024-07-11,569,40,0,11,1,390.35,1,899,5.0,1,34,7
94899,2024-03-19,853,30,3,23,5,309.64,1,174,4.0,0,47,3
21391,2025-01-11,143,10,1,17,1,63.56,0,626,5.0,1,28,1
99233,2024-09-08,842,20,2,14,1,273.56,1,945,5.0,1,43,9
35246,2024-10-11,209,10,1,6,3,152.68,0,923,5.0,0,46,10
65789,2024-08-12,368,30,3,23,3,91.58,0,702,5.0,1,69,8
68218,2024-06-11,680,50,4,0,4,237.15,1,433,4.0,0,39,6
87200,2025-02-11,937,10,1,6,1,391.58,1,277,4.0,1,68,2
87478,2024-04-19,788,30,3,23,1,22.21,0,955,4.0,0,50,4
35014,2024-07-28,149,20,2,15,1,54.19,0,266,5.0,1,33,7
73507,2024-12-25,133,20,2,20,4,54.68,1,41,4.0,1,74,12
33203,2024-05-31,236,50,4,13,5,366.17,1,607,5.0,1,62,5
10792,2024-04-21,898,50,4,13,2,31.51,2,169,5.0,0,49,4
69895,2024-04-27,848,20,2,10,3,435.72,2,782,5.0,1,50,4
19845,2024-10-26,798,30,3,9,2,367.78,0,516,2.0,1,45,10
57116,2024-10-06,319,20,2,10,5,11.73,0,78,5.0,0,60,10
90219,2024-07-15,430,40,0,4,1,405.65,1,889,5.0,1,58,7
99259,2024-09-04,426,50,4,13,3,232.33,0,300,5.0,0,62,9
47814,2024-07-17,557,20,2,14,1,146.28,1,158,4.0,0,39,7
55438,2024-06-09,716,10,1,6,3,82.65,1,648,3.0,1,51,6
84328,2025-02-06,122,10,1,17,1,420.63,0,372,3.0,1,54,2
35155,2024-11-19,956,10,1,21,2,496.93,2,43,5.0,0,20,11
72701,2024-03-22,828,50,4,22,5,395.78,2,875,5.0,0,56,3
43869,2024-06-27,306,30,3,12,2,55.63,0,860,3.0,0,69,6
57419,2024-12-15,222,10,1,21,2,423.22,2,8,2.0,1,29,12
24147,2024-08-23,568,30,3,9,1,268.26,1,112,1.0,1,29,8
21838,2024-06-25,582,10,1,16,2,289.97,1,612,4.0,1,70,6
37330,2024-03-27,881,50,4,24,5,219.26,0,931,2.0,0,49,3
69487,2024-08-31,729,50,4,24,4,464.28,1,673,4.0,0,62,8
64496,2024-06-18,146,40,0,11,1,405.91,1,46,1.0,1,61,6
11021,2024-08-12,114,20,2,20,5,67.92,0,561,5.0,1,47,8
21063,2025-01-23,327,20,2,14,2,499.5,0,120,5.0,1,66,1
95274,2024-05-15,126,20,2,20,5,323.9,1,75,2.0,0,45,5
11871,2024-09-23,479,30,3,9,3,258.28,0,164,5.0,1,65,9
89789,2024-04-19,953,30,3,9,4,204.06,1,252,5.0,1,71,4
92942,2025-01-17,489,20,2,10,3,171.95,0,32,5.0,0,29,1
21664,2024-06-10,395,40,0,8,3,326.37,0,767,5.0,0,39,6
94070,2024-11-26,822,50,4,24,2,236.61,0,948,5.0,1,67,11
97102,2024-03-28,663,50,4,24,4,286.82,1,656,3.0,0,55,3
71609,2025-01-22,510,20,2,14,2,345.89,0,806,5.0,1,24,1
54318,2024-06-29,142,10,1,5,2,491.97,1,134,4.0,1,18,6
99887,2024-09-24,237,50,4,13,1,101.82,2,590,5.0,0,50,9
97829,2024-10-09,640,30,3,12,5,143.03,2,340,4.0,1,38,10
46034,2024-04-26,995,40,0,7,5,115.91,0,737,5.0,1,54,4
76076,2024-12-20,184,10,1,6,4,457.54,0,841,4.0,0,29,12
74233,2024-10-13,750,50,4,0,2,103.2,0,519,5.0,0,60,10
33094,2024-08-12,298,30,3,1,2,387.05,2,378,5.0,1,68,8
99414,2024-08-17,186,20,2,10,4,365.04,0,259,3.0,0,55,8
49993,2024-03-23,880,10,1,16,1,162.38,2,755,5.0,0,73,3
24639,2024-05-30,797,10,1,5,3,238.77,2,220,5.0,0,49,5
80803,2024-03-24,882,30,3,12,1,293.0,0,832,5.0,1,26,3
56431,2024-07-03,600,20,2,10,3,150.42,1,19,3.0,1,42,7
77076,2024-05-27,973,10,1,5,3,83.17,0,0,5.0,1,71,5
32363,2024-04-19,157,50,4,22,1,60.16,1,228,3.0,1,61,4
84308,2024-06-26,144,20,2,3,5,291.3,2,420,5.0,0,68,6
20853,2024-07-10,499,30,3,2,3,227.39,2,882,5.0,1,39,7
61650,2024-12-19,804,10,1,16,2,197.96,2,47,4.0,1,29,12
51729,2025-01-24,713,50,4,22,3,318.44,1,629,5.0,0,23,1
53843,2024-11-12,256,30,3,9,5,410.55,1,507,5.0,0,38,11
78972,2024-10-24,112,10,1,21,4,288.22,2,731,5.0,1,60,10
89875,2025-01-06,759,40,0,8,1,233.24,1,157,5.0,0,30,1
44902,2024-07-12,801,40,0,19,4,474.25,2,935,5.0,0,34,7
55905,2025-03-02,550,30,3,23,1,99.84,1,628,3.0,0,73,3
94304,2025-01-26,701,30,3,23,5,248.88,2,420,4.0,1,56,1
55131,2024-11-08,866,40,0,19,2,148.31,0,789,5.0,1,67,11
63100,2024-12-18,974,10,1,21,5,410.6,2,810,3.0,0,58,12
27148,2025-01-07,635,30,3,2,1,235.88,1,337,4.0,0,40,1
55134,2024-12-04,837,50,4,0,4,487.21,0,435,5.0,1,46,12
88309,2024-06-11,524,50,4,13,1,394.31,0,727,4.0,1,41,6
33859,2025-01-26,712,20,2,10,4,334.68,2,414,5.0,0,25,1
75395,2025-03-19,175,40,0,8,2,300.16,0,288,3.0,1,64,3
98363,2025-01-30,332,40,0,19,2,160.94,0,236,5.0,1,27,1
43591,2024-06-12,302,50,4,13,4,170.43,1,205,5.0,1,37,6
11479,2025-01-28,331,20,2,14,2,452.6,1,269,5.0,0,48,1
94141,2024-09-01,701,20,2,15,4,270.32,0,565,5.0,1,48,9
54371,2025-02-05,325,20,2,3,4,156.87,1,155,3.0,1,37,2
67967,2024-05-04,965,40,0,7,3,495.24,1,249,5.0,1,30,5
99828,2024-09-12,510,40,0,19,5,427.73,2,123,3.0,0,72,9
92290,2024-11-06,445,10,1,16,5,354.64,0,482,5.0,1,49,11
61427,2024-09-17,410,10,1,6,4,221.54,1,528,3.0,1,71,9
20658,2024-11-06,177,40,0,11,3,196.97,1,576,1.0,1,34,11
